Petal.Length,Petal.Width,prediction
1.3,0.3,4.680106228874938
1.4000000000000001,0.4,5.359198454852727
1.5,0.5,5.506679542893928
1.6,0.6000000000000001,5.122549492998543
1.7000000000000002,0.7,4.206808305166572
1.8,0.8,2.759455979398012
1.9,0.9,0.7804925156928698
