Petal.Length,Petal.Width,prediction
1.3,0.3,4.6801062288749335
1.4000000000000001,0.4,5.359198454852724
1.5,0.5,5.506679542893931
1.6,0.6000000000000001,5.1225494929985445
1.7000000000000002,0.7,4.206808305166589
1.8,0.8,2.7594559793980338
1.9,0.9,0.7804925156928988
